<?xml version="1.0" encoding="UTF-8"?>
<CustomApplication xmlns="http://soap.sforce.com/2006/04/metadata">
    <brand>
        <headerColor>#14DADE</headerColor>
        <shouldOverrideOrgTheme>false</shouldOverrideOrgTheme>
    </brand>
    <description>Back Office Settings</description>
    <formFactors>Small</formFactors>
    <formFactors>Large</formFactors>
    <isNavAutoTempTabsDisabled>false</isNavAutoTempTabsDisabled>
    <isNavPersonalizationDisabled>false</isNavPersonalizationDisabled>
    <label>Back Office</label>
    <navType>Standard</navType>
    <tabs>Skill_Based_Routing</tabs>
    <tabs>Helpcenter_Case_Setup</tabs>
    <uiType>Lightning</uiType>
</CustomApplication>
